timestamp,source_timestamp,machine_id,node_id,variable,value,unit,status_code,is_anomaly,alert_level
2026-09-12T15:17:58.443000Z,,Smart40-N2,ns=3;s=Machine.Temperature,temperature,76.72,°C,0,False,normal
2026-09-12T15:17:58.443041Z,,Smart40-N2,ns=3;s=Machine.Pressure,pressure,94.08,bar,0,False,normal
2026-09-12T15:17:58.443048Z,,Smart40-N2,ns=3;s=Production.CycleTime,cycle_time,10.65,s,0,False,normal
2026-09-12T15:17:58.443054Z,,Smart40-N2,ns=3;s=Production.PieceCounter,piece_counter,1,peças,0,False,normal
2026-09-12T15:17:58.443057Z,,Smart40-N2,ns=3;s=Machine.Temperature,temperature,74.1,°C,0,False,normal
2026-09-12T15:17:58.443062Z,,Smart40-N2,ns=3;s=Machine.Pressure,pressure,84.52,bar,0,False,normal
2026-09-12T15:17:58.443066Z,,Smart40-N2,ns=3;s=Production.CycleTime,cycle_time,10.12,s,0,False,normal
2026-09-12T15:17:58.443069Z,,Smart40-N2,ns=3;s=Production.PieceCounter,piece_counter,2,peças,0,False,normal
2026-09-12T15:17:58.443072Z,,Smart40-N2,ns=3;s=Machine.Temperature,temperature,78.98,°C,0,False,normal
2026-09-12T15:17:58.443076Z,,Smart40-N2,ns=3;s=Machine.Pressure,pressure,87.7,bar,0,False,normal
2026-09-12T15:17:58.443079Z,,Smart40-N2,ns=3;s=Production.CycleTime,cycle_time,11.15,s,0,False,normal
2026-09-12T15:17:58.443082Z,,Smart40-N2,ns=3;s=Production.PieceCounter,piece_counter,3,peças,0,False,normal
2026-09-12T15:17:58.443085Z,,Smart40-N2,ns=3;s=Machine.Temperature,temperature,79.95,°C,0,False,normal
2026-09-12T15:17:58.443088Z,,Smart40-N2,ns=3;s=Machine.Pressure,pressure,88.12,bar,0,False,normal
2026-09-12T15:17:58.443091Z,,Smart40-N2,ns=3;s=Production.CycleTime,cycle_time,12.07,s,0,False,normal
2026-09-12T15:17:58.443094Z,,Smart40-N2,ns=3;s=Production.PieceCounter,piece_counter,4,peças,0,False,normal
2026-09-12T15:17:58.443102Z,,Smart40-N2,ns=3;s=Machine.Temperature,temperature,75.17,°C,0,False,normal
2026-09-12T15:17:58.443106Z,,Smart40-N2,ns=3;s=Machine.Pressure,pressure,81.56,bar,0,False,normal
2026-09-12T15:17:58.443108Z,,Smart40-N2,ns=3;s=Production.CycleTime,cycle_time,12.99,s,0,False,normal
2026-09-12T15:17:58.443112Z,,Smart40-N2,ns=3;s=Production.PieceCounter,piece_counter,5,peças,0,False,normal
2026-09-12T15:17:58.443114Z,,Smart40-N2,ns=3;s=Machine.Temperature,temperature,77.33,°C,0,False,normal
2026-09-12T15:17:58.443116Z,,Smart40-N2,ns=3;s=Machine.Pressure,pressure,88.77,bar,0,False,normal
2026-09-12T15:17:58.443120Z,,Smart40-N2,ns=3;s=Production.CycleTime,cycle_time,12.54,s,0,False,normal
2026-09-12T15:17:58.443122Z,,Smart40-N2,ns=3;s=Production.PieceCounter,piece_counter,6,peças,0,False,normal
2026-09-12T15:17:58.443124Z,,Smart40-N2,ns=3;s=Machine.Temperature,temperature,77.28,°C,0,False,normal
2026-09-12T15:17:58.443128Z,,Smart40-N2,ns=3;s=Machine.Pressure,pressure,90.18,bar,0,False,normal
2026-09-12T15:17:58.443131Z,,Smart40-N2,ns=3;s=Production.CycleTime,cycle_time,11.74,s,0,False,normal
2026-09-12T15:17:58.443136Z,,Smart40-N2,ns=3;s=Production.PieceCounter,piece_counter,7,peças,0,False,normal
2026-09-12T15:17:58.443139Z,,Smart40-N2,ns=3;s=Machine.Temperature,temperature,77.72,°C,0,False,normal
2026-09-12T15:17:58.443142Z,,Smart40-N2,ns=3;s=Machine.Pressure,pressure,93.67,bar,0,False,normal
2026-09-12T15:17:58.443145Z,,Smart40-N2,ns=3;s=Production.CycleTime,cycle_time,13.17,s,0,False,normal
2026-09-12T15:17:58.443151Z,,Smart40-N2,ns=3;s=Production.PieceCounter,piece_counter,8,peças,0,False,normal
2026-09-12T15:17:58.443153Z,,Smart40-N2,ns=3;s=Machine.Temperature,temperature,73.23,°C,0,False,normal
2026-09-12T15:17:58.443156Z,,Smart40-N2,ns=3;s=Machine.Pressure,pressure,89.05,bar,0,False,normal
2026-09-12T15:17:58.443159Z,,Smart40-N2,ns=3;s=Production.CycleTime,cycle_time,12.4,s,0,False,normal
2026-09-12T15:17:58.443171Z,,Smart40-N2,ns=3;s=Production.PieceCounter,piece_counter,9,peças,0,False,normal
2026-09-12T15:17:58.443173Z,,Smart40-N2,ns=3;s=Machine.Temperature,temperature,71.58,°C,0,False,normal
2026-09-12T15:17:58.443176Z,,Smart40-N2,ns=3;s=Machine.Pressure,pressure,92.75,bar,0,False,normal
2026-09-12T15:17:58.443179Z,,Smart40-N2,ns=3;s=Production.CycleTime,cycle_time,12.03,s,0,False,normal
2026-09-12T15:17:58.443182Z,,Smart40-N2,ns=3;s=Production.PieceCounter,piece_counter,10,peças,0,False,normal
2026-09-12T15:17:58.443184Z,,Smart40-N2,ns=3;s=Machine.Temperature,temperature,76.01,°C,0,False,normal
2026-09-12T15:17:58.443188Z,,Smart40-N2,ns=3;s=Machine.Pressure,pressure,90.69,bar,0,False,normal
2026-09-12T15:17:58.443190Z,,Smart40-N2,ns=3;s=Production.CycleTime,cycle_time,10.08,s,0,False,normal
2026-09-12T15:17:58.443194Z,,Smart40-N2,ns=3;s=Production.PieceCounter,piece_counter,11,peças,0,False,normal
2026-09-12T15:17:58.443196Z,,Smart40-N2,ns=3;s=Machine.Temperature,temperature,73.46,°C,0,False,normal
2026-09-12T15:17:58.443199Z,,Smart40-N2,ns=3;s=Machine.Pressure,pressure,97.64,bar,0,False,normal
2026-09-12T15:17:58.443202Z,,Smart40-N2,ns=3;s=Production.CycleTime,cycle_time,12.19,s,0,False,normal
2026-09-12T15:17:58.443205Z,,Smart40-N2,ns=3;s=Production.PieceCounter,piece_counter,12,peças,0,False,normal
2026-09-12T15:17:58.443210Z,,Smart40-N2,ns=3;s=Machine.Temperature,temperature,77.81,°C,0,False,normal
2026-09-12T15:17:58.443213Z,,Smart40-N2,ns=3;s=Machine.Pressure,pressure,92.85,bar,0,False,normal
2026-09-12T15:17:58.443216Z,,Smart40-N2,ns=3;s=Production.CycleTime,cycle_time,11.48,s,0,False,normal
2026-09-12T15:17:58.443219Z,,Smart40-N2,ns=3;s=Production.PieceCounter,piece_counter,13,peças,0,False,normal
2026-09-12T15:17:58.443221Z,,Smart40-N2,ns=3;s=Machine.Temperature,temperature,75.11,°C,0,False,normal
2026-09-12T15:17:58.443224Z,,Smart40-N2,ns=3;s=Machine.Pressure,pressure,89.18,bar,0,False,normal
2026-09-12T15:17:58.443227Z,,Smart40-N2,ns=3;s=Production.CycleTime,cycle_time,11.93,s,0,False,normal
2026-09-12T15:17:58.443230Z,,Smart40-N2,ns=3;s=Production.PieceCounter,piece_counter,14,peças,0,False,normal
2026-09-12T15:17:58.443232Z,,Smart40-N2,ns=3;s=Machine.Temperature,temperature,75.42,°C,0,False,normal
2026-09-12T15:17:58.443235Z,,Smart40-N2,ns=3;s=Machine.Pressure,pressure,91.99,bar,0,False,normal
2026-09-12T15:17:58.443238Z,,Smart40-N2,ns=3;s=Production.CycleTime,cycle_time,14.33,s,0,False,normal
2026-09-12T15:17:58.443245Z,,Smart40-N2,ns=3;s=Production.PieceCounter,piece_counter,15,peças,0,False,normal
2026-09-12T15:17:58.443247Z,,Smart40-N2,ns=3;s=Machine.Temperature,temperature,72.7,°C,0,False,normal
2026-09-12T15:17:58.443250Z,,Smart40-N2,ns=3;s=Machine.Pressure,pressure,97.23,bar,0,False,normal
2026-09-12T15:17:58.443253Z,,Smart40-N2,ns=3;s=Production.CycleTime,cycle_time,11.49,s,0,False,normal
2026-09-12T15:17:58.443256Z,,Smart40-N2,ns=3;s=Production.PieceCounter,piece_counter,16,peças,0,False,normal
2026-09-12T15:17:58.443258Z,,Smart40-N2,ns=3;s=Machine.Temperature,temperature,75.36,°C,0,False,normal
2026-09-12T15:17:58.443262Z,,Smart40-N2,ns=3;s=Machine.Pressure,pressure,95.13,bar,0,False,normal
2026-09-12T15:17:58.443264Z,,Smart40-N2,ns=3;s=Production.CycleTime,cycle_time,13.43,s,0,False,normal
2026-09-12T15:17:58.443268Z,,Smart40-N2,ns=3;s=Production.PieceCounter,piece_counter,17,peças,0,False,normal
2026-09-12T15:17:58.443270Z,,Smart40-N2,ns=3;s=Machine.Temperature,temperature,74.25,°C,0,False,normal
2026-09-12T15:17:58.443273Z,,Smart40-N2,ns=3;s=Machine.Pressure,pressure,86.11,bar,0,False,normal
2026-09-12T15:17:58.443276Z,,Smart40-N2,ns=3;s=Production.CycleTime,cycle_time,10.49,s,0,False,normal
2026-09-12T15:17:58.443279Z,,Smart40-N2,ns=3;s=Production.PieceCounter,piece_counter,18,peças,0,False,normal
2026-09-12T15:17:58.443281Z,,Smart40-N2,ns=3;s=Machine.Temperature,temperature,76.69,°C,0,False,normal
2026-09-12T15:17:58.443284Z,,Smart40-N2,ns=3;s=Machine.Pressure,pressure,94.55,bar,0,False,normal
2026-09-12T15:17:58.443287Z,,Smart40-N2,ns=3;s=Production.CycleTime,cycle_time,11.26,s,0,False,normal
2026-09-12T15:17:58.443290Z,,Smart40-N2,ns=3;s=Production.PieceCounter,piece_counter,19,peças,0,False,normal
2026-09-12T15:17:58.443292Z,,Smart40-N2,ns=3;s=Machine.Temperature,temperature,75.39,°C,0,False,normal
2026-09-12T15:17:58.443295Z,,Smart40-N2,ns=3;s=Machine.Pressure,pressure,94.16,bar,0,False,normal
2026-09-12T15:17:58.443298Z,,Smart40-N2,ns=3;s=Production.CycleTime,cycle_time,12.25,s,0,False,normal
2026-09-12T15:17:58.443301Z,,Smart40-N2,ns=3;s=Production.PieceCounter,piece_counter,20,peças,0,False,normal
2026-09-12T17:21:29.706364Z,,Smart40-N2,ns=3;s=Machine.Temperature,temperature,78.31,C,0,False,normal
2026-09-12T17:21:29.706391Z,,Smart40-N2,ns=3;s=Machine.Pressure,pressure,85.95,bar,0,False,normal
2026-09-12T17:21:29.706398Z,,Smart40-N2,ns=3;s=Production.CycleTime,cycle_time,11.82,s,0,False,normal
2026-09-12T17:21:29.706405Z,,Smart40-N2,ns=3;s=Production.PieceCounter,piece_counter,1,pecas,0,False,normal
2026-09-12T17:21:29.706409Z,,Smart40-N2,ns=3;s=Machine.Temperature,temperature,77.72,C,0,False,normal
2026-09-12T17:21:29.706414Z,,Smart40-N2,ns=3;s=Machine.Pressure,pressure,88.3,bar,0,False,normal
2026-09-12T17:21:29.706419Z,,Smart40-N2,ns=3;s=Production.CycleTime,cycle_time,13.26,s,0,False,normal
2026-09-12T17:21:29.706423Z,,Smart40-N2,ns=3;s=Production.PieceCounter,piece_counter,2,pecas,0,False,normal
2026-09-12T17:21:29.706426Z,,Smart40-N2,ns=3;s=Machine.Temperature,temperature,72.99,C,0,False,normal
2026-09-12T17:21:29.706431Z,,Smart40-N2,ns=3;s=Machine.Pressure,pressure,88.02,bar,0,False,normal
2026-09-12T17:21:29.706434Z,,Smart40-N2,ns=3;s=Production.CycleTime,cycle_time,11.49,s,0,False,normal
2026-09-12T17:21:29.706438Z,,Smart40-N2,ns=3;s=Production.PieceCounter,piece_counter,3,pecas,0,False,normal
2026-09-12T17:21:29.706441Z,,Smart40-N2,ns=3;s=Machine.Temperature,temperature,76.11,C,0,False,normal
2026-09-12T17:21:29.706446Z,,Smart40-N2,ns=3;s=Machine.Pressure,pressure,81.35,bar,0,False,normal
2026-09-12T17:21:29.706451Z,,Smart40-N2,ns=3;s=Production.CycleTime,cycle_time,11.47,s,0,False,normal
2026-09-12T17:21:29.706454Z,,Smart40-N2,ns=3;s=Production.PieceCounter,piece_counter,4,pecas,0,False,normal
2026-09-12T17:21:29.706458Z,,Smart40-N2,ns=3;s=Machine.Temperature,temperature,72.17,C,0,False,normal
2026-09-12T17:21:29.706462Z,,Smart40-N2,ns=3;s=Machine.Pressure,pressure,89.24,bar,0,False,normal
2026-09-12T17:21:29.706465Z,,Smart40-N2,ns=3;s=Production.CycleTime,cycle_time,12.37,s,0,False,normal
2026-09-12T17:21:29.706469Z,,Smart40-N2,ns=3;s=Production.PieceCounter,piece_counter,5,pecas,0,False,normal
2026-09-12T17:21:29.706472Z,,Smart40-N2,ns=3;s=Machine.Temperature,temperature,70.66,C,0,False,normal
2026-09-12T17:21:29.706475Z,,Smart40-N2,ns=3;s=Machine.Pressure,pressure,96.41,bar,0,False,normal
2026-09-12T17:21:29.706479Z,,Smart40-N2,ns=3;s=Production.CycleTime,cycle_time,10.94,s,0,False,normal
2026-09-12T17:21:29.706482Z,,Smart40-N2,ns=3;s=Production.PieceCounter,piece_counter,6,pecas,0,False,normal
2026-09-12T17:21:29.706484Z,,Smart40-N2,ns=3;s=Machine.Temperature,temperature,75.48,C,0,False,normal
2026-09-12T17:21:29.706488Z,,Smart40-N2,ns=3;s=Machine.Pressure,pressure,89.71,bar,0,False,normal
2026-09-12T17:21:29.706491Z,,Smart40-N2,ns=3;s=Production.CycleTime,cycle_time,12.47,s,0,False,normal
2026-09-12T17:21:29.706495Z,,Smart40-N2,ns=3;s=Production.PieceCounter,piece_counter,7,pecas,0,False,normal
2026-09-12T17:21:29.706497Z,,Smart40-N2,ns=3;s=Machine.Temperature,temperature,72.82,C,0,False,normal
2026-09-12T17:21:29.706500Z,,Smart40-N2,ns=3;s=Machine.Pressure,pressure,96.73,bar,0,False,normal
2026-09-12T17:21:29.706504Z,,Smart40-N2,ns=3;s=Production.CycleTime,cycle_time,12.65,s,0,False,normal
2026-09-12T17:21:29.706507Z,,Smart40-N2,ns=3;s=Production.PieceCounter,piece_counter,8,pecas,0,False,normal
2026-09-12T17:21:29.706511Z,,Smart40-N2,ns=3;s=Machine.Temperature,temperature,74.56,C,0,False,normal
2026-09-12T17:21:29.706515Z,,Smart40-N2,ns=3;s=Machine.Pressure,pressure,91.82,bar,0,False,normal
2026-09-12T17:21:29.706518Z,,Smart40-N2,ns=3;s=Production.CycleTime,cycle_time,12.22,s,0,False,normal
2026-09-12T17:21:29.706522Z,,Smart40-N2,ns=3;s=Production.PieceCounter,piece_counter,9,pecas,0,False,normal
2026-09-12T17:21:29.706524Z,,Smart40-N2,ns=3;s=Machine.Temperature,temperature,71.95,C,0,False,normal
2026-09-12T17:21:29.706527Z,,Smart40-N2,ns=3;s=Machine.Pressure,pressure,87.77,bar,0,False,normal
2026-09-12T17:21:29.706531Z,,Smart40-N2,ns=3;s=Production.CycleTime,cycle_time,11.63,s,0,False,normal
2026-09-12T17:21:29.706534Z,,Smart40-N2,ns=3;s=Production.PieceCounter,piece_counter,10,pecas,0,False,normal
2026-09-12T17:21:29.706537Z,,Smart40-N2,ns=3;s=Machine.Temperature,temperature,75.73,C,0,False,normal
2026-09-12T17:21:29.706540Z,,Smart40-N2,ns=3;s=Machine.Pressure,pressure,91.04,bar,0,False,normal
2026-09-12T17:21:29.706543Z,,Smart40-N2,ns=3;s=Production.CycleTime,cycle_time,12.79,s,0,False,normal
2026-09-12T17:21:29.706547Z,,Smart40-N2,ns=3;s=Production.PieceCounter,piece_counter,11,pecas,0,False,normal
2026-09-12T17:21:29.706549Z,,Smart40-N2,ns=3;s=Machine.Temperature,temperature,76.48,C,0,False,normal
2026-09-12T17:21:29.706554Z,,Smart40-N2,ns=3;s=Machine.Pressure,pressure,86.81,bar,0,False,normal
2026-09-12T17:21:29.706558Z,,Smart40-N2,ns=3;s=Production.CycleTime,cycle_time,11.43,s,0,False,normal
2026-09-12T17:21:29.706561Z,,Smart40-N2,ns=3;s=Production.PieceCounter,piece_counter,12,pecas,0,False,normal
2026-09-12T17:21:29.706563Z,,Smart40-N2,ns=3;s=Machine.Temperature,temperature,81.73,C,0,False,normal
2026-09-12T17:21:29.706567Z,,Smart40-N2,ns=3;s=Machine.Pressure,pressure,101.46,bar,0,False,normal
2026-09-12T17:21:29.706570Z,,Smart40-N2,ns=3;s=Production.CycleTime,cycle_time,11.18,s,0,False,normal
2026-09-12T17:21:29.706574Z,,Smart40-N2,ns=3;s=Production.PieceCounter,piece_counter,13,pecas,0,False,normal
2026-09-12T17:21:29.706577Z,,Smart40-N2,ns=3;s=Machine.Temperature,temperature,73.9,C,0,False,normal
2026-09-12T17:21:29.706580Z,,Smart40-N2,ns=3;s=Machine.Pressure,pressure,92.03,bar,0,False,normal
2026-09-12T17:21:29.706583Z,,Smart40-N2,ns=3;s=Production.CycleTime,cycle_time,11.36,s,0,False,normal
2026-09-12T17:21:29.706587Z,,Smart40-N2,ns=3;s=Production.PieceCounter,piece_counter,14,pecas,0,False,normal
2026-09-12T17:21:29.706589Z,,Smart40-N2,ns=3;s=Machine.Temperature,temperature,74.88,C,0,False,normal
2026-09-12T17:21:29.706593Z,,Smart40-N2,ns=3;s=Machine.Pressure,pressure,79.19,bar,0,False,normal
2026-09-12T17:21:29.706596Z,,Smart40-N2,ns=3;s=Production.CycleTime,cycle_time,13.25,s,0,False,normal
2026-09-12T17:21:29.706600Z,,Smart40-N2,ns=3;s=Production.PieceCounter,piece_counter,15,pecas,0,False,normal
2026-09-12T17:21:29.706602Z,,Smart40-N2,ns=3;s=Machine.Temperature,temperature,73.89,C,0,False,normal
2026-09-12T17:21:29.706605Z,,Smart40-N2,ns=3;s=Machine.Pressure,pressure,88.78,bar,0,False,normal
2026-09-12T17:21:29.706609Z,,Smart40-N2,ns=3;s=Production.CycleTime,cycle_time,11.79,s,0,False,normal
2026-09-12T17:21:29.706612Z,,Smart40-N2,ns=3;s=Production.PieceCounter,piece_counter,16,pecas,0,False,normal
2026-09-12T17:21:29.706616Z,,Smart40-N2,ns=3;s=Machine.Temperature,temperature,80.21,C,0,False,normal
2026-09-12T17:21:29.706620Z,,Smart40-N2,ns=3;s=Machine.Pressure,pressure,96.51,bar,0,False,normal
2026-09-12T17:21:29.706623Z,,Smart40-N2,ns=3;s=Production.CycleTime,cycle_time,11.53,s,0,False,normal
2026-09-12T17:21:29.706628Z,,Smart40-N2,ns=3;s=Production.PieceCounter,piece_counter,17,pecas,0,False,normal
2026-09-12T17:21:29.706631Z,,Smart40-N2,ns=3;s=Machine.Temperature,temperature,75.05,C,0,False,normal
2026-09-12T17:21:29.706634Z,,Smart40-N2,ns=3;s=Machine.Pressure,pressure,89.87,bar,0,False,normal
2026-09-12T17:21:29.706638Z,,Smart40-N2,ns=3;s=Production.CycleTime,cycle_time,11.88,s,0,False,normal
2026-09-12T17:21:29.706641Z,,Smart40-N2,ns=3;s=Production.PieceCounter,piece_counter,18,pecas,0,False,normal
2026-09-12T17:21:29.706644Z,,Smart40-N2,ns=3;s=Machine.Temperature,temperature,78.07,C,0,False,normal
2026-09-12T17:21:29.706648Z,,Smart40-N2,ns=3;s=Machine.Pressure,pressure,85.14,bar,0,False,normal
2026-09-12T17:21:29.706651Z,,Smart40-N2,ns=3;s=Production.CycleTime,cycle_time,11.81,s,0,False,normal
2026-09-12T17:21:29.706655Z,,Smart40-N2,ns=3;s=Production.PieceCounter,piece_counter,19,pecas,0,False,normal
2026-09-12T17:21:29.706657Z,,Smart40-N2,ns=3;s=Machine.Temperature,temperature,78.44,C,0,False,normal
2026-09-12T17:21:29.706661Z,,Smart40-N2,ns=3;s=Machine.Pressure,pressure,88.38,bar,0,False,normal
2026-09-12T17:21:29.706666Z,,Smart40-N2,ns=3;s=Production.CycleTime,cycle_time,9.87,s,0,False,normal
2026-09-12T17:21:29.706669Z,,Smart40-N2,ns=3;s=Production.PieceCounter,piece_counter,20,pecas,0,False,normal
2026-09-12T17:46:06.286705Z,,Smart40-N2,ns=3;s=Machine.Temperature,temperature,79.56,C,0,False,normal
2026-09-12T17:46:06.286734Z,,Smart40-N2,ns=3;s=Machine.Pressure,pressure,90.12,bar,0,False,normal
2026-09-12T17:46:06.286741Z,,Smart40-N2,ns=3;s=Production.CycleTime,cycle_time,12.38,s,0,False,normal
2026-09-12T17:46:06.286748Z,,Smart40-N2,ns=3;s=Production.PieceCounter,piece_counter,1,pecas,0,False,normal
2026-09-12T17:46:06.286753Z,,Smart40-N2,ns=3;s=Machine.Temperature,temperature,71.81,C,0,False,normal
2026-09-12T17:46:06.286757Z,,Smart40-N2,ns=3;s=Machine.Pressure,pressure,85.77,bar,0,False,normal
2026-09-12T17:46:06.286763Z,,Smart40-N2,ns=3;s=Production.CycleTime,cycle_time,13.67,s,0,False,normal
2026-09-12T17:46:06.286766Z,,Smart40-N2,ns=3;s=Production.PieceCounter,piece_counter,2,pecas,0,False,normal
2026-09-12T17:46:06.286769Z,,Smart40-N2,ns=3;s=Machine.Temperature,temperature,73.51,C,0,False,normal
2026-09-12T17:46:06.286774Z,,Smart40-N2,ns=3;s=Machine.Pressure,pressure,88.03,bar,0,False,normal
2026-09-12T17:46:06.286777Z,,Smart40-N2,ns=3;s=Production.CycleTime,cycle_time,13.75,s,0,False,normal
2026-09-12T17:46:06.286781Z,,Smart40-N2,ns=3;s=Production.PieceCounter,piece_counter,3,pecas,0,False,normal
2026-09-12T17:46:06.286786Z,,Smart40-N2,ns=3;s=Machine.Temperature,temperature,75.6,C,0,False,normal
2026-09-12T17:46:06.286789Z,,Smart40-N2,ns=3;s=Machine.Pressure,pressure,86.69,bar,0,False,normal
2026-09-12T17:46:06.286793Z,,Smart40-N2,ns=3;s=Production.CycleTime,cycle_time,13.65,s,0,False,normal
2026-09-12T17:46:06.286796Z,,Smart40-N2,ns=3;s=Production.PieceCounter,piece_counter,4,pecas,0,False,normal
2026-09-12T17:46:06.286798Z,,Smart40-N2,ns=3;s=Machine.Temperature,temperature,72.96,C,0,False,normal
2026-09-12T17:46:06.286802Z,,Smart40-N2,ns=3;s=Machine.Pressure,pressure,95.9,bar,0,False,normal
2026-09-12T17:46:06.286805Z,,Smart40-N2,ns=3;s=Production.CycleTime,cycle_time,11.22,s,0,False,normal
2026-09-12T17:46:06.286809Z,,Smart40-N2,ns=3;s=Production.PieceCounter,piece_counter,5,pecas,0,False,normal
2026-09-12T17:46:06.286811Z,,Smart40-N2,ns=3;s=Machine.Temperature,temperature,77.49,C,0,False,normal
2026-09-12T17:46:06.286815Z,,Smart40-N2,ns=3;s=Machine.Pressure,pressure,90.38,bar,0,False,normal
2026-09-12T17:46:06.286820Z,,Smart40-N2,ns=3;s=Production.CycleTime,cycle_time,12.85,s,0,False,normal
2026-09-12T17:46:06.286823Z,,Smart40-N2,ns=3;s=Production.PieceCounter,piece_counter,6,pecas,0,False,normal
2026-09-12T17:46:06.286826Z,,Smart40-N2,ns=3;s=Machine.Temperature,temperature,72.65,C,0,False,normal
2026-09-12T17:46:06.286830Z,,Smart40-N2,ns=3;s=Machine.Pressure,pressure,88.7,bar,0,False,normal
2026-09-12T17:46:06.286833Z,,Smart40-N2,ns=3;s=Production.CycleTime,cycle_time,12.8,s,0,False,normal
2026-09-12T17:46:06.286837Z,,Smart40-N2,ns=3;s=Production.PieceCounter,piece_counter,7,pecas,0,False,normal
2026-09-12T17:46:06.286839Z,,Smart40-N2,ns=3;s=Machine.Temperature,temperature,74.96,C,0,False,normal
2026-09-12T17:46:06.286842Z,,Smart40-N2,ns=3;s=Machine.Pressure,pressure,92.1,bar,0,False,normal
2026-09-12T17:46:06.286846Z,,Smart40-N2,ns=3;s=Production.CycleTime,cycle_time,12.11,s,0,False,normal
2026-09-12T17:46:06.286849Z,,Smart40-N2,ns=3;s=Production.PieceCounter,piece_counter,8,pecas,0,False,normal
2026-09-12T17:46:06.286853Z,,Smart40-N2,ns=3;s=Machine.Temperature,temperature,76.77,C,0,False,normal
2026-09-12T17:46:06.286856Z,,Smart40-N2,ns=3;s=Machine.Pressure,pressure,84.89,bar,0,False,normal
2026-09-12T17:46:06.286859Z,,Smart40-N2,ns=3;s=Production.CycleTime,cycle_time,11.64,s,0,False,normal
2026-09-12T17:46:06.286863Z,,Smart40-N2,ns=3;s=Production.PieceCounter,piece_counter,9,pecas,0,False,normal
2026-09-12T17:46:06.286865Z,,Smart40-N2,ns=3;s=Machine.Temperature,temperature,71.14,C,0,False,normal
2026-09-12T17:46:06.286868Z,,Smart40-N2,ns=3;s=Machine.Pressure,pressure,94.46,bar,0,False,normal
2026-09-12T17:46:06.286872Z,,Smart40-N2,ns=3;s=Production.CycleTime,cycle_time,10.78,s,0,False,normal
2026-09-12T17:46:06.286875Z,,Smart40-N2,ns=3;s=Production.PieceCounter,piece_counter,10,pecas,0,False,normal
2026-09-12T17:46:06.286878Z,,Smart40-N2,ns=3;s=Machine.Temperature,temperature,72.46,C,0,False,normal
2026-09-12T17:46:06.286881Z,,Smart40-N2,ns=3;s=Machine.Pressure,pressure,95.24,bar,0,False,normal
2026-09-12T17:46:06.286884Z,,Smart40-N2,ns=3;s=Production.CycleTime,cycle_time,12.64,s,0,False,normal
2026-09-12T17:46:06.286888Z,,Smart40-N2,ns=3;s=Production.PieceCounter,piece_counter,11,pecas,0,False,normal
2026-09-12T17:46:06.286891Z,,Smart40-N2,ns=3;s=Machine.Temperature,temperature,73.67,C,0,False,normal
2026-09-12T17:46:06.286894Z,,Smart40-N2,ns=3;s=Machine.Pressure,pressure,100.96,bar,0,False,normal
2026-09-12T17:46:06.286898Z,,Smart40-N2,ns=3;s=Production.CycleTime,cycle_time,11.65,s,0,False,normal
2026-09-12T17:46:06.286901Z,,Smart40-N2,ns=3;s=Production.PieceCounter,piece_counter,12,pecas,0,False,normal
2026-09-12T17:46:06.286903Z,,Smart40-N2,ns=3;s=Machine.Temperature,temperature,72.46,C,0,False,normal
2026-09-12T17:46:06.286907Z,,Smart40-N2,ns=3;s=Machine.Pressure,pressure,87.75,bar,0,False,normal
2026-09-12T17:46:06.286910Z,,Smart40-N2,ns=3;s=Production.CycleTime,cycle_time,13.75,s,0,False,normal
2026-09-12T17:46:06.286913Z,,Smart40-N2,ns=3;s=Production.PieceCounter,piece_counter,13,pecas,0,False,normal
2026-09-12T17:46:06.286916Z,,Smart40-N2,ns=3;s=Machine.Temperature,temperature,76.17,C,0,False,normal
2026-09-12T17:46:06.286919Z,,Smart40-N2,ns=3;s=Machine.Pressure,pressure,83.06,bar,0,False,normal
2026-09-12T17:46:06.286922Z,,Smart40-N2,ns=3;s=Production.CycleTime,cycle_time,11.41,s,0,False,normal
2026-09-12T17:46:06.286925Z,,Smart40-N2,ns=3;s=Production.PieceCounter,piece_counter,14,pecas,0,False,normal
2026-09-12T17:46:06.286927Z,,Smart40-N2,ns=3;s=Machine.Temperature,temperature,67.79,C,0,False,normal
2026-09-12T17:46:06.286931Z,,Smart40-N2,ns=3;s=Machine.Pressure,pressure,91.43,bar,0,False,normal
2026-09-12T17:46:06.286934Z,,Smart40-N2,ns=3;s=Production.CycleTime,cycle_time,13.43,s,0,False,normal
2026-09-12T17:46:06.286937Z,,Smart40-N2,ns=3;s=Production.PieceCounter,piece_counter,15,pecas,0,False,normal
2026-09-12T17:46:06.286940Z,,Smart40-N2,ns=3;s=Machine.Temperature,temperature,71.44,C,0,False,normal
2026-09-12T17:46:06.286943Z,,Smart40-N2,ns=3;s=Machine.Pressure,pressure,90.92,bar,0,False,normal
2026-09-12T17:46:06.286946Z,,Smart40-N2,ns=3;s=Production.CycleTime,cycle_time,14.42,s,0,False,normal
2026-09-12T17:46:06.286949Z,,Smart40-N2,ns=3;s=Production.PieceCounter,piece_counter,16,pecas,0,False,normal
2026-09-12T17:46:06.286953Z,,Smart40-N2,ns=3;s=Machine.Temperature,temperature,74.08,C,0,False,normal
2026-09-12T17:46:06.286956Z,,Smart40-N2,ns=3;s=Machine.Pressure,pressure,84.53,bar,0,False,normal
2026-09-12T17:46:06.286960Z,,Smart40-N2,ns=3;s=Production.CycleTime,cycle_time,12.29,s,0,False,normal
2026-09-12T17:46:06.286963Z,,Smart40-N2,ns=3;s=Production.PieceCounter,piece_counter,17,pecas,0,False,normal
2026-09-12T17:46:06.286966Z,,Smart40-N2,ns=3;s=Machine.Temperature,temperature,79.74,C,0,False,normal
2026-09-12T17:46:06.286969Z,,Smart40-N2,ns=3;s=Machine.Pressure,pressure,92.57,bar,0,False,normal
2026-09-12T17:46:06.286973Z,,Smart40-N2,ns=3;s=Production.CycleTime,cycle_time,13.76,s,0,False,normal
2026-09-12T17:46:06.286976Z,,Smart40-N2,ns=3;s=Production.PieceCounter,piece_counter,18,pecas,0,False,normal
2026-09-12T17:46:06.286980Z,,Smart40-N2,ns=3;s=Machine.Temperature,temperature,76.06,C,0,False,normal
2026-09-12T17:46:06.286983Z,,Smart40-N2,ns=3;s=Machine.Pressure,pressure,88.35,bar,0,False,normal
2026-09-12T17:46:06.286986Z,,Smart40-N2,ns=3;s=Production.CycleTime,cycle_time,13.08,s,0,False,normal
2026-09-12T17:46:06.286990Z,,Smart40-N2,ns=3;s=Production.PieceCounter,piece_counter,19,pecas,0,False,normal
2026-09-12T17:46:06.286994Z,,Smart40-N2,ns=3;s=Machine.Temperature,temperature,75.55,C,0,False,normal
2026-09-12T17:46:06.286997Z,,Smart40-N2,ns=3;s=Machine.Pressure,pressure,88.89,bar,0,False,normal
2026-09-12T17:46:06.287000Z,,Smart40-N2,ns=3;s=Production.CycleTime,cycle_time,11.41,s,0,False,normal
2026-09-12T17:46:06.287003Z,,Smart40-N2,ns=3;s=Production.PieceCounter,piece_counter,20,pecas,0,False,normal
2026-09-12T18:56:42.719707Z,,Smart40-N2,ns=3;s=Machine.Temperature,temperature,78.36,C,0,False,normal
2026-09-12T18:56:42.719735Z,,Smart40-N2,ns=3;s=Machine.Pressure,pressure,84.95,bar,0,False,normal
2026-09-12T18:56:42.719742Z,,Smart40-N2,ns=3;s=Production.CycleTime,cycle_time,13.44,s,0,False,normal
2026-09-12T18:56:42.719749Z,,Smart40-N2,ns=3;s=Production.PieceCounter,piece_counter,1,pecas,0,False,normal
2026-09-12T18:56:42.719753Z,,Smart40-N2,ns=3;s=Machine.Temperature,temperature,73.3,C,0,False,normal
2026-09-12T18:56:42.719757Z,,Smart40-N2,ns=3;s=Machine.Pressure,pressure,89.39,bar,0,False,normal
2026-09-12T18:56:42.719762Z,,Smart40-N2,ns=3;s=Production.CycleTime,cycle_time,12.99,s,0,False,normal
2026-09-12T18:56:42.719766Z,,Smart40-N2,ns=3;s=Production.PieceCounter,piece_counter,2,pecas,0,False,normal
2026-09-12T18:56:42.719769Z,,Smart40-N2,ns=3;s=Machine.Temperature,temperature,77.42,C,0,False,normal
2026-09-12T18:56:42.719773Z,,Smart40-N2,ns=3;s=Machine.Pressure,pressure,100.33,bar,0,False,normal
2026-09-12T18:56:42.719776Z,,Smart40-N2,ns=3;s=Production.CycleTime,cycle_time,12.1,s,0,False,normal
2026-09-12T18:56:42.719780Z,,Smart40-N2,ns=3;s=Production.PieceCounter,piece_counter,3,pecas,0,False,normal
2026-09-12T18:56:42.719785Z,,Smart40-N2,ns=3;s=Machine.Temperature,temperature,74.91,C,0,False,normal
2026-09-12T18:56:42.719789Z,,Smart40-N2,ns=3;s=Machine.Pressure,pressure,86.58,bar,0,False,normal
2026-09-12T18:56:42.719792Z,,Smart40-N2,ns=3;s=Production.CycleTime,cycle_time,11.89,s,0,False,normal
2026-09-12T18:56:42.719796Z,,Smart40-N2,ns=3;s=Production.PieceCounter,piece_counter,4,pecas,0,False,normal
2026-09-12T18:56:42.719798Z,,Smart40-N2,ns=3;s=Machine.Temperature,temperature,73.83,C,0,False,normal
2026-09-12T18:56:42.719802Z,,Smart40-N2,ns=3;s=Machine.Pressure,pressure,92.46,bar,0,False,normal
2026-09-12T18:56:42.719805Z,,Smart40-N2,ns=3;s=Production.CycleTime,cycle_time,12.62,s,0,False,normal
2026-09-12T18:56:42.719808Z,,Smart40-N2,ns=3;s=Production.PieceCounter,piece_counter,5,pecas,0,False,normal
2026-09-12T18:56:42.719811Z,,Smart40-N2,ns=3;s=Machine.Temperature,temperature,73.82,C,0,False,normal
2026-09-12T18:56:42.719814Z,,Smart40-N2,ns=3;s=Machine.Pressure,pressure,94.71,bar,0,False,normal
2026-09-12T18:56:42.719819Z,,Smart40-N2,ns=3;s=Production.CycleTime,cycle_time,11.87,s,0,False,normal
2026-09-12T18:56:42.719823Z,,Smart40-N2,ns=3;s=Production.PieceCounter,piece_counter,6,pecas,0,False,normal
2026-09-12T18:56:42.719825Z,,Smart40-N2,ns=3;s=Machine.Temperature,temperature,72.66,C,0,False,normal
2026-09-12T18:56:42.719829Z,,Smart40-N2,ns=3;s=Machine.Pressure,pressure,96.61,bar,0,False,normal
2026-09-12T18:56:42.719832Z,,Smart40-N2,ns=3;s=Production.CycleTime,cycle_time,12.31,s,0,False,normal
2026-09-12T18:56:42.719836Z,,Smart40-N2,ns=3;s=Production.PieceCounter,piece_counter,7,pecas,0,False,normal
2026-09-12T18:56:42.719839Z,,Smart40-N2,ns=3;s=Machine.Temperature,temperature,72.43,C,0,False,normal
2026-09-12T18:56:42.719842Z,,Smart40-N2,ns=3;s=Machine.Pressure,pressure,91.33,bar,0,False,normal
2026-09-12T18:56:42.719846Z,,Smart40-N2,ns=3;s=Production.CycleTime,cycle_time,13.39,s,0,False,normal
2026-09-12T18:56:42.719849Z,,Smart40-N2,ns=3;s=Production.PieceCounter,piece_counter,8,pecas,0,False,normal
2026-09-12T18:56:42.719851Z,,Smart40-N2,ns=3;s=Machine.Temperature,temperature,73.36,C,0,False,normal
2026-09-12T18:56:42.719855Z,,Smart40-N2,ns=3;s=Machine.Pressure,pressure,94.06,bar,0,False,normal
2026-09-12T18:56:42.719858Z,,Smart40-N2,ns=3;s=Production.CycleTime,cycle_time,10.96,s,0,False,normal
2026-09-12T18:56:42.719861Z,,Smart40-N2,ns=3;s=Production.PieceCounter,piece_counter,9,pecas,0,False,normal
2026-09-12T18:56:42.719864Z,,Smart40-N2,ns=3;s=Machine.Temperature,temperature,80.48,C,0,False,normal
2026-09-12T18:56:42.719867Z,,Smart40-N2,ns=3;s=Machine.Pressure,pressure,85.6,bar,0,False,normal
2026-09-12T18:56:42.719870Z,,Smart40-N2,ns=3;s=Production.CycleTime,cycle_time,11.87,s,0,False,normal
2026-09-12T18:56:42.719873Z,,Smart40-N2,ns=3;s=Production.PieceCounter,piece_counter,10,pecas,0,False,normal
2026-09-12T18:56:42.719876Z,,Smart40-N2,ns=3;s=Machine.Temperature,temperature,70.2,C,0,False,normal
2026-09-12T18:56:42.719879Z,,Smart40-N2,ns=3;s=Machine.Pressure,pressure,100.34,bar,0,False,normal
2026-09-12T18:56:42.719882Z,,Smart40-N2,ns=3;s=Production.CycleTime,cycle_time,12.86,s,0,False,normal
2026-09-12T18:56:42.719886Z,,Smart40-N2,ns=3;s=Production.PieceCounter,piece_counter,11,pecas,0,False,normal
2026-09-12T18:56:42.719889Z,,Smart40-N2,ns=3;s=Machine.Temperature,temperature,72.1,C,0,False,normal
2026-09-12T18:56:42.719893Z,,Smart40-N2,ns=3;s=Machine.Pressure,pressure,87.84,bar,0,False,normal
2026-09-12T18:56:42.719896Z,,Smart40-N2,ns=3;s=Production.CycleTime,cycle_time,11.01,s,0,False,normal
2026-09-12T18:56:42.719899Z,,Smart40-N2,ns=3;s=Production.PieceCounter,piece_counter,12,pecas,0,False,normal
2026-09-12T18:56:42.719901Z,,Smart40-N2,ns=3;s=Machine.Temperature,temperature,76.85,C,0,False,normal
2026-09-12T18:56:42.719905Z,,Smart40-N2,ns=3;s=Machine.Pressure,pressure,95.76,bar,0,False,normal
2026-09-12T18:56:42.719908Z,,Smart40-N2,ns=3;s=Production.CycleTime,cycle_time,12.7,s,0,False,normal
2026-09-12T18:56:42.719911Z,,Smart40-N2,ns=3;s=Production.PieceCounter,piece_counter,13,pecas,0,False,normal
2026-09-12T18:56:42.719914Z,,Smart40-N2,ns=3;s=Machine.Temperature,temperature,73.6,C,0,False,normal
2026-09-12T18:56:42.719917Z,,Smart40-N2,ns=3;s=Machine.Pressure,pressure,79.01,bar,0,False,normal
2026-09-12T18:56:42.719920Z,,Smart40-N2,ns=3;s=Production.CycleTime,cycle_time,12.94,s,0,False,normal
2026-09-12T18:56:42.719923Z,,Smart40-N2,ns=3;s=Production.PieceCounter,piece_counter,14,pecas,0,False,normal
2026-09-12T18:56:42.719926Z,,Smart40-N2,ns=3;s=Machine.Temperature,temperature,75.94,C,0,False,normal
2026-09-12T18:56:42.719929Z,,Smart40-N2,ns=3;s=Machine.Pressure,pressure,90.51,bar,0,False,normal
2026-09-12T18:56:42.719932Z,,Smart40-N2,ns=3;s=Production.CycleTime,cycle_time,13.83,s,0,False,normal
2026-09-12T18:56:42.719940Z,,Smart40-N2,ns=3;s=Production.PieceCounter,piece_counter,15,pecas,0,False,normal
2026-09-12T18:56:42.719942Z,,Smart40-N2,ns=3;s=Machine.Temperature,temperature,74.9,C,0,False,normal
2026-09-12T18:56:42.719945Z,,Smart40-N2,ns=3;s=Machine.Pressure,pressure,97.66,bar,0,False,normal
2026-09-12T18:56:42.719949Z,,Smart40-N2,ns=3;s=Production.CycleTime,cycle_time,11.0,s,0,False,normal
2026-09-12T18:56:42.719952Z,,Smart40-N2,ns=3;s=Production.PieceCounter,piece_counter,16,pecas,0,False,normal
2026-09-12T18:56:42.719954Z,,Smart40-N2,ns=3;s=Machine.Temperature,temperature,74.37,C,0,False,normal
2026-09-12T18:56:42.719958Z,,Smart40-N2,ns=3;s=Machine.Pressure,pressure,96.99,bar,0,False,normal
2026-09-12T18:56:42.719961Z,,Smart40-N2,ns=3;s=Production.CycleTime,cycle_time,12.5,s,0,False,normal
2026-09-12T18:56:42.719964Z,,Smart40-N2,ns=3;s=Production.PieceCounter,piece_counter,17,pecas,0,False,normal
2026-09-12T18:56:42.719967Z,,Smart40-N2,ns=3;s=Machine.Temperature,temperature,71.11,C,0,False,normal
2026-09-12T18:56:42.719970Z,,Smart40-N2,ns=3;s=Machine.Pressure,pressure,84.2,bar,0,False,normal
2026-09-12T18:56:42.719974Z,,Smart40-N2,ns=3;s=Production.CycleTime,cycle_time,11.42,s,0,False,normal
2026-09-12T18:56:42.719977Z,,Smart40-N2,ns=3;s=Production.PieceCounter,piece_counter,18,pecas,0,False,normal
2026-09-12T18:56:42.719980Z,,Smart40-N2,ns=3;s=Machine.Temperature,temperature,72.3,C,0,False,normal
2026-09-12T18:56:42.719984Z,,Smart40-N2,ns=3;s=Machine.Pressure,pressure,84.17,bar,0,False,normal
2026-09-12T18:56:42.719987Z,,Smart40-N2,ns=3;s=Production.CycleTime,cycle_time,14.19,s,0,False,normal
2026-09-12T18:56:42.719991Z,,Smart40-N2,ns=3;s=Production.PieceCounter,piece_counter,19,pecas,0,False,normal
2026-09-12T18:56:42.719994Z,,Smart40-N2,ns=3;s=Machine.Temperature,temperature,70.94,C,0,False,normal
2026-09-12T18:56:42.719997Z,,Smart40-N2,ns=3;s=Machine.Pressure,pressure,87.02,bar,0,False,normal
2026-09-12T18:56:42.720001Z,,Smart40-N2,ns=3;s=Production.CycleTime,cycle_time,11.92,s,0,False,normal
2026-09-12T18:56:42.720004Z,,Smart40-N2,ns=3;s=Production.PieceCounter,piece_counter,20,pecas,0,False,normal
2026-09-12T19:02:04.394960Z,,Smart40-N2,ns=3;s=Machine.Temperature,temperature,78.6,C,0,False,normal
2026-09-12T19:02:04.394987Z,,Smart40-N2,ns=3;s=Machine.Pressure,pressure,91.98,bar,0,False,normal
2026-09-12T19:02:04.394995Z,,Smart40-N2,ns=3;s=Production.CycleTime,cycle_time,12.22,s,0,False,normal
2026-09-12T19:02:04.395001Z,,Smart40-N2,ns=3;s=Production.PieceCounter,piece_counter,1,pecas,0,False,normal
2026-09-12T19:02:04.395005Z,,Smart40-N2,ns=3;s=Machine.Temperature,temperature,76.19,C,0,False,normal
2026-09-12T19:02:04.395009Z,,Smart40-N2,ns=3;s=Machine.Pressure,pressure,93.32,bar,0,False,normal
2026-09-12T19:02:04.395014Z,,Smart40-N2,ns=3;s=Production.CycleTime,cycle_time,11.6,s,0,False,normal
2026-09-12T19:02:04.395018Z,,Smart40-N2,ns=3;s=Production.PieceCounter,piece_counter,2,pecas,0,False,normal
2026-09-12T19:02:04.395021Z,,Smart40-N2,ns=3;s=Machine.Temperature,temperature,78.5,C,0,False,normal
2026-09-12T19:02:04.395025Z,,Smart40-N2,ns=3;s=Machine.Pressure,pressure,98.0,bar,0,False,normal
2026-09-12T19:02:04.395029Z,,Smart40-N2,ns=3;s=Production.CycleTime,cycle_time,11.61,s,0,False,normal
2026-09-12T19:02:04.395033Z,,Smart40-N2,ns=3;s=Production.PieceCounter,piece_counter,3,pecas,0,False,normal
2026-09-12T19:02:04.395039Z,,Smart40-N2,ns=3;s=Machine.Temperature,temperature,73.38,C,0,False,normal
2026-09-12T19:02:04.395043Z,,Smart40-N2,ns=3;s=Machine.Pressure,pressure,95.33,bar,0,False,normal
2026-09-12T19:02:04.395047Z,,Smart40-N2,ns=3;s=Production.CycleTime,cycle_time,11.72,s,0,False,normal
2026-09-12T19:02:04.395050Z,,Smart40-N2,ns=3;s=Production.PieceCounter,piece_counter,4,pecas,0,False,normal
2026-09-12T19:02:04.395053Z,,Smart40-N2,ns=3;s=Machine.Temperature,temperature,75.74,C,0,False,normal
2026-09-12T19:02:04.395056Z,,Smart40-N2,ns=3;s=Machine.Pressure,pressure,81.23,bar,0,False,normal
2026-09-12T19:02:04.395059Z,,Smart40-N2,ns=3;s=Production.CycleTime,cycle_time,9.26,s,0,False,normal
2026-09-12T19:02:04.395063Z,,Smart40-N2,ns=3;s=Production.PieceCounter,piece_counter,5,pecas,0,False,normal
2026-09-12T19:02:04.395065Z,,Smart40-N2,ns=3;s=Machine.Temperature,temperature,75.8,C,0,False,normal
2026-09-12T19:02:04.395069Z,,Smart40-N2,ns=3;s=Machine.Pressure,pressure,92.91,bar,0,False,normal
2026-09-12T19:02:04.395076Z,,Smart40-N2,ns=3;s=Production.CycleTime,cycle_time,11.18,s,0,False,normal
2026-09-12T19:02:04.395080Z,,Smart40-N2,ns=3;s=Production.PieceCounter,piece_counter,6,pecas,0,False,normal
2026-09-12T19:02:04.395082Z,,Smart40-N2,ns=3;s=Machine.Temperature,temperature,75.56,C,0,False,normal
2026-09-12T19:02:04.395086Z,,Smart40-N2,ns=3;s=Machine.Pressure,pressure,92.35,bar,0,False,normal
2026-09-12T19:02:04.395089Z,,Smart40-N2,ns=3;s=Production.CycleTime,cycle_time,11.91,s,0,False,normal
2026-09-12T19:02:04.395093Z,,Smart40-N2,ns=3;s=Production.PieceCounter,piece_counter,7,pecas,0,False,normal
2026-09-12T19:02:04.395095Z,,Smart40-N2,ns=3;s=Machine.Temperature,temperature,74.38,C,0,False,normal
2026-09-12T19:02:04.395098Z,,Smart40-N2,ns=3;s=Machine.Pressure,pressure,86.54,bar,0,False,normal
2026-09-12T19:02:04.395105Z,,Smart40-N2,ns=3;s=Production.CycleTime,cycle_time,11.68,s,0,False,normal
2026-09-12T19:02:04.395108Z,,Smart40-N2,ns=3;s=Production.PieceCounter,piece_counter,8,pecas,0,False,normal
2026-09-12T19:02:04.395110Z,,Smart40-N2,ns=3;s=Machine.Temperature,temperature,76.57,C,0,False,normal
2026-09-12T19:02:04.395114Z,,Smart40-N2,ns=3;s=Machine.Pressure,pressure,88.87,bar,0,False,normal
2026-09-12T19:02:04.395117Z,,Smart40-N2,ns=3;s=Production.CycleTime,cycle_time,14.11,s,0,False,normal
2026-09-12T19:02:04.395121Z,,Smart40-N2,ns=3;s=Production.PieceCounter,piece_counter,9,pecas,0,False,normal
2026-09-12T19:02:04.395123Z,,Smart40-N2,ns=3;s=Machine.Temperature,temperature,72.51,C,0,False,normal
2026-09-12T19:02:04.395126Z,,Smart40-N2,ns=3;s=Machine.Pressure,pressure,98.19,bar,0,False,normal
2026-09-12T19:02:04.395130Z,,Smart40-N2,ns=3;s=Production.CycleTime,cycle_time,11.89,s,0,False,normal
2026-09-12T19:02:04.395133Z,,Smart40-N2,ns=3;s=Production.PieceCounter,piece_counter,10,pecas,0,False,normal
2026-09-12T19:02:04.395136Z,,Smart40-N2,ns=3;s=Machine.Temperature,temperature,73.4,C,0,False,normal
2026-09-12T19:02:04.395139Z,,Smart40-N2,ns=3;s=Machine.Pressure,pressure,88.62,bar,0,False,normal
2026-09-12T19:02:04.395142Z,,Smart40-N2,ns=3;s=Production.CycleTime,cycle_time,13.01,s,0,False,normal
2026-09-12T19:02:04.395146Z,,Smart40-N2,ns=3;s=Production.PieceCounter,piece_counter,11,pecas,0,False,normal
2026-09-12T19:02:04.395149Z,,Smart40-N2,ns=3;s=Machine.Temperature,temperature,70.51,C,0,False,normal
2026-09-12T19:02:04.395153Z,,Smart40-N2,ns=3;s=Machine.Pressure,pressure,91.49,bar,0,False,normal
2026-09-12T19:02:04.395156Z,,Smart40-N2,ns=3;s=Production.CycleTime,cycle_time,14.87,s,0,False,normal
2026-09-12T19:02:04.395159Z,,Smart40-N2,ns=3;s=Production.PieceCounter,piece_counter,12,pecas,0,False,normal
2026-09-12T19:02:04.395161Z,,Smart40-N2,ns=3;s=Machine.Temperature,temperature,76.31,C,0,False,normal
2026-09-12T19:02:04.395165Z,,Smart40-N2,ns=3;s=Machine.Pressure,pressure,92.76,bar,0,False,normal
2026-09-12T19:02:04.395168Z,,Smart40-N2,ns=3;s=Production.CycleTime,cycle_time,10.06,s,0,False,normal
2026-09-12T19:02:04.395171Z,,Smart40-N2,ns=3;s=Production.PieceCounter,piece_counter,13,pecas,0,False,normal
2026-09-12T19:02:04.395174Z,,Smart40-N2,ns=3;s=Machine.Temperature,temperature,74.73,C,0,False,normal
2026-09-12T19:02:04.395177Z,,Smart40-N2,ns=3;s=Machine.Pressure,pressure,87.65,bar,0,False,normal
2026-09-12T19:02:04.395180Z,,Smart40-N2,ns=3;s=Production.CycleTime,cycle_time,11.51,s,0,False,normal
2026-09-12T19:02:04.395183Z,,Smart40-N2,ns=3;s=Production.PieceCounter,piece_counter,14,pecas,0,False,normal
2026-09-12T19:02:04.395186Z,,Smart40-N2,ns=3;s=Machine.Temperature,temperature,75.53,C,0,False,normal
2026-09-12T19:02:04.395189Z,,Smart40-N2,ns=3;s=Machine.Pressure,pressure,81.48,bar,0,False,normal
2026-09-12T19:02:04.395192Z,,Smart40-N2,ns=3;s=Production.CycleTime,cycle_time,10.64,s,0,False,normal
2026-09-12T19:02:04.395196Z,,Smart40-N2,ns=3;s=Production.PieceCounter,piece_counter,15,pecas,0,False,normal
2026-09-12T19:02:04.395198Z,,Smart40-N2,ns=3;s=Machine.Temperature,temperature,75.24,C,0,False,normal
2026-09-12T19:02:04.395201Z,,Smart40-N2,ns=3;s=Machine.Pressure,pressure,87.33,bar,0,False,normal
2026-09-12T19:02:04.395206Z,,Smart40-N2,ns=3;s=Production.CycleTime,cycle_time,11.96,s,0,False,normal
2026-09-12T19:02:04.395209Z,,Smart40-N2,ns=3;s=Production.PieceCounter,piece_counter,16,pecas,0,False,normal
2026-09-12T19:02:04.395211Z,,Smart40-N2,ns=3;s=Machine.Temperature,temperature,77.96,C,0,False,normal
2026-09-12T19:02:04.395215Z,,Smart40-N2,ns=3;s=Machine.Pressure,pressure,107.64,bar,0,False,normal
2026-09-12T19:02:04.395218Z,,Smart40-N2,ns=3;s=Production.CycleTime,cycle_time,12.48,s,0,False,normal
2026-09-12T19:02:04.395221Z,,Smart40-N2,ns=3;s=Production.PieceCounter,piece_counter,17,pecas,0,False,normal
2026-09-12T19:02:04.395224Z,,Smart40-N2,ns=3;s=Machine.Temperature,temperature,76.59,C,0,False,normal
2026-09-12T19:02:04.395227Z,,Smart40-N2,ns=3;s=Machine.Pressure,pressure,93.22,bar,0,False,normal
2026-09-12T19:02:04.395231Z,,Smart40-N2,ns=3;s=Production.CycleTime,cycle_time,10.61,s,0,False,normal
2026-09-12T19:02:04.395234Z,,Smart40-N2,ns=3;s=Production.PieceCounter,piece_counter,18,pecas,0,False,normal
2026-09-12T19:02:04.395237Z,,Smart40-N2,ns=3;s=Machine.Temperature,temperature,77.97,C,0,False,normal
2026-09-12T19:02:04.395241Z,,Smart40-N2,ns=3;s=Machine.Pressure,pressure,89.94,bar,0,False,normal
2026-09-12T19:02:04.395244Z,,Smart40-N2,ns=3;s=Production.CycleTime,cycle_time,13.1,s,0,False,normal
2026-09-12T19:02:04.395248Z,,Smart40-N2,ns=3;s=Production.PieceCounter,piece_counter,19,pecas,0,False,normal
2026-09-12T19:02:04.395251Z,,Smart40-N2,ns=3;s=Machine.Temperature,temperature,73.02,C,0,False,normal
2026-09-12T19:02:04.395255Z,,Smart40-N2,ns=3;s=Machine.Pressure,pressure,100.01,bar,0,False,normal
2026-09-12T19:02:04.395258Z,,Smart40-N2,ns=3;s=Production.CycleTime,cycle_time,13.12,s,0,False,normal
2026-09-12T19:02:04.395261Z,,Smart40-N2,ns=3;s=Production.PieceCounter,piece_counter,20,pecas,0,False,normal
